{"gender": 0.0, "proportions": 0.0, "head/head-age-decr|incr": 0.8571428571428571, "height": 0.8571428571428571, "asian": 1.0, "african": 0.0, "macrodetails/Age": 0.8571428571428571}