{"gender": 0.0, "proportions": 0.0, "head/head-age-decr|incr": 0.42857142857142855, "height": 0.42857142857142855, "asian": 1.0, "african": 0.0, "macrodetails/Age": 0.42857142857142855}