{"gender": 0.0, "proportions": 0.0, "head/head-age-decr|incr": 0.14285714285714285, "height": 0.14285714285714285, "asian": 1.0, "african": 0.0, "macrodetails/Age": 0.14285714285714285}