{"gender": 0.0, "proportions": 0.0, "head/head-age-decr|incr": 0.5714285714285714, "height": 0.5714285714285714, "asian": 1.0, "african": 0.0, "macrodetails/Age": 0.5714285714285714}