{"gender": 0.0, "proportions": 0.0, "head/head-age-decr|incr": 0.7142857142857142, "height": 0.7142857142857142, "asian": 1.0, "african": 0.0, "macrodetails/Age": 0.7142857142857142}