{"gender": 0.0, "proportions": 0.0, "head/head-age-decr|incr": 0.2857142857142857, "height": 0.2857142857142857, "asian": 1.0, "african": 0.0, "macrodetails/Age": 0.2857142857142857}